Oc1cc(O)c2c(c1)OC(c1ccc(O)c(O)c1)C(O)C2,1227.9
O=C(OC1Cc2c(O)cc(O)cc2OC1c1ccc(O)c(O)c1)c1cc(O)c(O)c(O)c1,1483.1999999999998
Oc1cc(O)c2c(c1)OC(c1cc(O)c(O)c(O)c1)C(O)C2,990.3
O=C(OC1Cc2c(O)cc(O)cc2OC1c1cc(O)c(O)c(O)c1)c1cc(O)c(O)c(O)c1,1337.55
O=C(O)c1cc(O)cc(O)c1,858.0
O=C(O)c1ccc(O)cc1,1048.8
OCC1OC(Oc2cc(O)cc(C=Cc3ccc(O)c(O)c3)c2)C(O)C(O)C1O,1362.0
O=C1CC(c2ccc(O)c(O)c2)c2c(cc(O)c3c2OC(c2ccc(O)c(O)c2)C(O)C3)O1,1565.4
O=C(C=Cc1ccc(O)c(O)c1)OC(C(=O)O)C(O)C(=O)O,930.0
Oc1ccc(C=Cc2cc(O)cc3c2C(c2cc(O)cc(O)c2)C(c2ccc(O)cc2)O3)cc1,2007.6000000000001
OCC1OC(Oc2cc(O)cc(C=Cc3ccc(O)cc3)c2)C(O)C(O)C1O,1635.0
Oc1ccc(C=Cc2cc(O)cc(O)c2)cc1,1821.0
O=c1oc2c(O)c(O)cc3c(=O)oc4c(O)c(O)cc1c4c23,1812.0
Oc1ccc(C2Oc3cc(O)cc(O)c3CC2O)cc1,1462.2
O=c1ccc2cc(O)c(O)cc2o1,1207.8
COc1cc(C=CC(=O)OC(C(=O)O)C(O)C(=O)O)ccc1O,1170.0
COc1cc2ccc(=O)oc2c(OC2OC(CO)C(O)C(O)C2O)c1O,1252.2
COc1ccc(C2CC(=O)c3c(O)cc(O)cc3O2)cc1O,2086.8
Oc1ccc(C2Oc3cc(O)cc4c3C2c2cc(O)cc(O)c2C(c2ccc(O)cc2)C4C2c3cc(O)cc4c3C(c3cc(O)cc(O)c3C2c2ccc(O)cc2)C(c2ccc(O)cc2)O4)cc1,1553.4
COc1cc(-c2oc3cc(O)cc(O)c3c(=O)c2OC2OC(CO)C(O)C(O)C2O)ccc1O,1891.8000000000002
COc1cc(-c2oc3cc(O)cc(O)c3c(=O)c2OC2OC(COC3OC(C)C(O)C(O)C3O)C(O)C(O)C2O)ccc1O,1902.0
COc1cc(C=Cc2cc(O)cc(OC3OC(CO)C(O)C(O)C3O)c2)ccc1O,1567.8
O=c1c(OC2OC(CO)C(O)C(O)C2O)c(-c2ccc(O)cc2)oc2cc(O)cc(O)c12,1875.0
CC1OC(OCC2OC(Oc3c(-c4ccc(O)cc4)oc4cc(O)cc(O)c4c3=O)C(O)C(O)C2O)C(O)C(O)C1O,1881.0
O=c1cc(-c2ccc(O)c(O)c2)oc2cc(OC3OC(CO)C(O)C(O)C3O)cc(O)c12,1683.6
COC(=O)c1cc(O)c(O)c(O)c1,1092.0
O=c1c(O)c(-c2cc(O)c(O)c(O)c2)oc2cc(O)cc(O)c12,1853.4
O=C1CC(c2ccc(O)cc2)Oc2cc(O)cc(O)c21,2025.0
O=C1CC(c2ccc(O)cc2)Oc2cc(OC3OC(CO)C(O)C(O)C3O)cc(O)c21,1676.4
O=C(O)C=Cc1ccccc1O,1683.0
COc1cc(C2=C(OC3OC(CO)C(O)C(O)C3O)c3cc(=O)oc4cc(O)cc(c34)O2)cc(OC)c1O,1992.6000000000001
Oc1ccc(C2c3c(O)cc(O)cc3C3C(c4ccc(O)cc4)c4c(O)cc(O)cc4C23)cc1,1555.2
O=C(CCc1ccc(O)cc1)c1c(O)cc(O)cc1OC1OC(CO)C(O)C(O)C1O,1776.0
Oc1cc(O)cc(C=Cc2ccc(O)c(O)c2)c1,1592.3999999999999
Oc1cc(O)c2c(c1)OC(c1ccc(O)c(O)c1)C(O)C2c1c(O)cc(O)c2c1OC(c1ccc(O)c(O)c1)C(O)C2,1088.55
COc1cc(C=Cc2ccc(O)cc2)cc(OC)c1,2482.8
O=c1c(OC2OC(CO)C(O)C(O)C2O)c(-c2ccc(OC3OC(CO)C(O)C(O)C3O)c(O)c2)oc2cc(O)cc(O)c12,1564.2
O=C(O)C1OC(Oc2c(-c3ccc(O)c(O)c3)oc3cc(O)cc(O)c3c2=O)C(O)C(O)C1O,1707.0
O=c1c(O)c(-c2ccc(OC3OC(CO)C(O)C(O)C3O)c(O)c2)oc2cc(O)cc(O)c12,1824.0
O=c1c(OS(=O)(=O)O)c(-c2ccc(O)c(O)c2)oc2cc(O)cc(O)c12,1644.0
O=c1c(OC2OC(C(O)CO)C(O)C2O)c(-c2ccc(O)c(O)c2)oc2cc(O)cc(O)c12,1746.0
CC1OC(OCC2OC(Oc3c(-c4ccc(O)c(O)c4)oc4cc(O)cc(O)c4c3=O)C(O)C(O)C2O)C(O)C(O)C1O,1746.0
COc1cc(C(=O)O)cc(OC)c1O,1314.0
O=C1c2c(O)cc(O)cc2OC(c2ccc(O)c(O)c2)C1O,1516.2
O=C(C=Cc1ccc(O)cc1)OC(C(=O)O)C(O)C(=O)O,1079.3999999999999
O=C(CCc1ccc(O)cc1)c1c(O)cc(O)c(C2OC(CO)C(O)C(O)C2O)c1O,1879.2
COc1cc(O)c2c(=O)c(O)c(-c3ccc(O)c(OC)c3)oc2c1,2532.0
CC1OC(OC2C(Oc3cc(O)c4c(c3)OC(c3ccc(O)cc3)CC4=O)OC(CO)C(O)C2O)C(O)C(O)C1O,1716.0
COC1OC(C(=O)O)C(O)C(O)C1O,144.0
COC(=O)C1=COC(O)C2C(CO)=CCC12,1452.0
COc1cc(C2=C(OC3OC(CO)C(O)C(O)C3O)c3cc(C(=O)[O-])[o+]c4cc(O)cc(c34)O2)cc(OC)c1O,1698.0
COc1cc(C2=C(OC3OC(CO)C(O)C(O)C3O)c3cc[o+]c4cc(O)cc(c34)O2)cc(OC)c1[O-],1619.6399999999999
COc1cc(C2=C(OC3OC(CO)C(O)C(O)C3O)c3cc(C)[o+]c4cc(O)cc(c34)O2)cc(OC)c1[O-],1717.8
CCOC(=O)c1cc(O)c(O)c(O)c1,1381.2
O=C(Oc1cc(O)cc2c1CC(O)C(c1ccc(O)c(O)c1)O2)c1cc(O)c(O)c(O)c1,1554.8999999999999
CC1=CCCC(C)(C)C12CCC(C)O2,2884.7999999999997
CC(C)=C1CCC(C)CC1=O,2334.0
NCCCN,60.0
O=C(C=Cc1ccc(O)c(O)c1)OC1CC(OC(=O)C=Cc2ccc(O)c(O)c2)(C(=O)O)CC(O)C1O,1492.8
NCCCCN,66.0
CCCCCC(O)C=CC=CCC=CCC=CCCCC(=O)O,3024.6
O=C(O)Cc1c[nH]c2ccccc12,1596.3
O=C(O)c1c(O)cccc1O,1013.9999999999999
N=c1nc(O)c2ncn(C3CC(O)C(COP(=O)(O)O)O3)c2[nH]1,479.40000000000003
O=C(O)C(=O)C(O)C(O)C(O)CO,84.0
O=C(O)CCC(=O)C(=O)O,132.0
C=Cc1ccc(O)c(OC)c1,1878.0
CCC(C)C(=O)O,1332.0
CCC(C)CN,390.0
CC(C)C(=O)OCCOc1ccccc1,2412.0
OC1=NCCC1,354.0
CCOc1cc(C=O)ccc1O,1635.0
CC(O)(CC(=O)O)CC(=O)O,422.4
O=Cc1cccc(O)c1,1218.0
Cc1c[nH]c2ccccc12,2046.0
CC(=O)CCc1ccc(O)cc1,1476.0
Nc1ccc(C(=O)O)cc1,737.4
CN(C)c1ccc(C=CC=O)cc1,2070.0
O=c1cc(O)oc2ccccc12,1452.0
Cc1cc(=O)oc2cc(O)ccc12,1668.6
Oc1ccc(C=Cc2ccccc2)cc1,2508.0
O=Cc1ccc(CO)o1,716.4
O=C(O)C(O)C(O)C(O)C(=O)CO,85.19999999999999
Cc1ccc(C=O)o1,1217.3999999999999
COc1ccc2oc(-c3ccccc3)cc(=O)c2c1,2574.0
CC(C=CC1(O)C(C)=CC(=O)CC1(C)C)=CC(=O)O,1878.0
COc1cc(C(C)=O)ccc1O,1434.0
CC(O)=NC(CS)C(=O)O,479.7
Nc1ncnc2c1ncn2C1OC(CO)C(O)C(O)C1OP(=O)(O)O,653.6999999999999
Nc1ncnc2c1ncn2C1OC(COP(=O)(O)O)C(O)C1O,244.8
O=C(O)CC(Nc1ncnc2c1ncn2C1OC(COP(=O)(O)O)C(O)C1O)C(=O)O,762.9
O=C(O)CCCCC(=O)O,930.0
OCC(O)C(O)C(O)CO,82.900000002
N=C(N)NCCCCN,71.10000000000001
CC(N)C(=O)O,41.4
OCC1OC(O)C(O)C(O)C1O,80.925
N=C(O)CCCCC1CCSS1,1740.0
Cc1c(C)c2c(c(C)c1O)CCC(C)(CCCC(C)CCCC(C)CCCC(C)C)O2,3552.0
O=CC(O)C(O)C(O)C(O)CO,85.65
Oc1ccc(C=C2c3cc(O)cc(O)c3C(c3ccc(O)cc3)C2c2cc(O)cc(O)c2)cc1,1572.9
COc1ccc(C=O)cc1,1626.0
Oc1ccc(C2Oc3cc(O)c4c(c3C2c2cc(O)cc(O)c2)C2C(c3ccc(O)cc3)c3c(O)cc5c(c3C2C4c2ccc(O)cc2)C(c2cc(O)cc(O)c2)C(c2ccc(O)cc2)O5)cc1,1786.5
N#CC(OC1OC(COC2OC(CO)C(O)C(O)C2O)C(O)C(O)C1O)c1ccccc1,1158.0
Nc1ccccc1C(=O)O,1145.6999999999998
O=c1cc(-c2ccc(O)cc2)oc2cc(O)cc(O)c12,2226.0
O=c1cc(-c2ccc(O)cc2)oc2cc(OC3OC(CO)C(O)C(O)C3O)cc(O)c12,1734.8999999999999
O=c1cc(-c2ccc(O)cc2)oc2cc(OC3OC(CO)C(O)C(O)C3OC3OCC(O)(CO)C3O)cc(O)c12,1773.6
O=CC(O)C(O)C(O)CO,84.45
CCCCCC=CCC=CCC=CCC=CCCCC(=O)O,3210.0
OCC1OC(Oc2ccc(O)cc2)C(O)C(O)C1O,456.3
Oc1ccc(C2Oc3cc(O)cc4c3C2c2cc(O)cc3c2C(c2cc(O)cc5c2C4C(c2ccc(O)cc2)O5)C(c2ccc(O)cc2)O3)cc1,1978.5
O=c1cc(-c2ccccc2)oc2cc(O)c(O)c(O)c12,2199.0
CCCCCCCCCCCCCCCCCCCCCC(=O)O,3522.0
O=C(O)c1ccccc1,1572.0
O=C(c1ccccc1)c1ccccc1,2346.0
O=C(OCc1ccccc1)c1ccccc1,2610.0
C[N+](C)(C)CC(=O)[O-],82.5
O=C(O)c1ccc(O)cc1O,1176.0
C=C(C)C1CCC2(C(=O)O)CCC3(C)C(CCC4C5(C)CCC(O)C(C)(C)C5CCC43C)C12,3192.0
C=CC1=C(C)C(=Cc2[nH]c(Cc3[nH]c(C=C4NC(=O)C(C)=C4C=C)c(C)c3CCC(=O)O)c(CCC(=O)O)c2C)NC1=O,3384.6
CC1=C(C=CC(C)O)C(C)(C)CCC1,2778.0
O=C(O)CCCCC1SCC2N=C(O)NC21,1296.0
CCCCCCCCCCCCCCCCCC(=O)OCCCC,3572.4
NCCCCCN,66.0
O=C(O)C=Cc1ccc(O)c(O)c1,1242.0
Cn1c(=O)c2c(ncn2C)n(C)c1=O,1222.2
CC12CCC(CC1=O)C2(C)C,2190.0
OCC1OC(OC2C(CO)OC(O)C(O)C2O)C(O)C(O)C1O,93.0
CC(CCC(=O)O)C1CCC2C3C(O)CC4CC(O)CCC4(C)C3CCC12C,2964.0
C=CC1CN2CCC1CC2C(O)c1ccnc2ccccc12,1149.0
O=C(C=Cc1ccc(O)c(O)c1)OC1CC(O)(C(=O)O)CC(O)C1O,1080.0
CC(C)CCCC(C)C1CCC2C3CC=C4CC(O)CCC4(C)C3CCC12C,3612.0
CC(C)CCCC(C)C1CCC2C3CC4OC45CC(O)CCC5(C)C3CCC12C,3462.0
CC(CCC(=O)O)C1CCC2C3C(O)CC4CC(O)CCC4(C)C3CC(O)C12C,2808.3
C[N+](C)(C)CCO,84.0
O=c1cc(-c2ccccc2)oc2cc(O)cc(O)c12,2452.8
O=C(O)C=Cc1ccccc1,1908.0
CCCCCCCCC=CCCCCCCCCCC(=O)O,3372.0
CC(O)(CC(=O)O)C(=O)O,311.09999999999997
O=C(O)CC(O)(CC(=O)O)C(=O)O,234.60000000000002
CC(C)=CCCC(C)CCOC1(O)C(O)OC(CO)C(O)C1O,2358.0
COc1cc(C=CCO)ccc1O,1368.0
COc1cc(C=CC=O)ccc1O,1553.7
O=C(C=Cc1ccc(O)c(O)c1)OC1C(O)CC(O)(C(=O)O)CC1O,1206.0
CC(C)c1ccc(C=O)cc1,2316.0
[O-]c1cc2c(O)cc(O)cc2[o+]c1-c1ccc(O)c(O)c1,1734.0
[O-]c1cc(-c2[o+]c3cc(O)cc(O)c3cc2OC2OC(CO)C(O)C(O)C2O)ccc1O,1326.0
[O-]c1cc(-c2[o+]c3cc(O)cc(O)c3cc2OC2OC(CO)C(O)C(O)C2(O)OC2OCC(O)C(O)C2O)ccc1O,1356.0
[O-]c1cc(-c2[o+]c3cc(O)cc(O)c3cc2OC2OC(CO)C(O)C(O)C2OC2OC(CO)C(O)C(O)C2O)ccc1O,1284.0
[O-]c1cc(-c2[o+]c3cc(O)cc(OC4OC(CO)C(O)C(O)C4O)c3cc2OC2OC(CO)C(O)C(O)C2O)ccc1O,1102.5
[O-]c1cc(-c2[o+]c3cc(O)cc(O)c3cc2OC2OCC(O)C(O)C2O)ccc1O,1386.0
CC1OC(OCC2OC(Oc3cc4c(O)cc(O)cc4[o+]c3-c3ccc(O)c([O-])c3)C(O)C(O)C2O)C(O)C(O)C1O,1386.0
O=C(CO)C(O)C(O)C(O)CO,84.0
OCC1OC(O)C(O)C1O,84.0
OCc1ccccc1OC1OC(CO)C(O)C(O)C1O,966.0000000000001
CC(O)C(O)C(O)C(O)C=O,108.0
O=CC(O)C(O)C(O)C(O)C(=O)O,79.80000000000001
OCC1OC(OC2OC(CO)C(O)C(O)C2O)C(O)C(O)C1O,90.0
O=c1c(-c2ccc(O)cc2)coc2cc(O)ccc12,1950.0
O=c1cc(O)c2cccc(O)c2o1,1295.6999999999998
CCCCCCCCCC(=O)O,2736.9
O=C1OC(C(O)CO)C(=O)C1=O,103.2
[O-]c1c(O)cc(-c2[o+]c3cc(O)cc(O)c3cc2O)cc1O,1626.0
CC1OC(OCC2OC(Oc3cc4c(O)cc(O)cc4[o+]c3-c3cc(O)c([O-])c(O)c3)C(O)C(O)C2O)C(O)C(O)C1O,1314.0
[O-]c1c(O)cc(-c2[o+]c3cc(O)cc(O)c3cc2OC2OC(CO)C(O)C(O)C2O)cc1O,1254.0
CC(CCC(=O)O)C1CCC2C3CCC4CC(O)CCC4(C)C3CC(O)C12C,2976.0
CCNCC,100.8
CC(=O)C=CC1C(C)CCCC1(C)C,2766.0
O=C1c2c(O)cc(O)cc2OC(c2ccc(O)cc2)C1O,1669.2
CCCCCCCCCCCC=CC=CC=CC=CC=CC(=O)O,3240.0
CC(C)(CO)C(O)C(O)=NCCC(=O)O,858.0
Oc1ccc(C=Cc2cc(O)cc3c2C(c2cc(O)cc4c2C(c2cc(O)cc(O)c2)C(c2ccc(O)cc2)O4)C(c2ccc(O)cc2)O3)cc1,1958.8500000000001
Cc1cc(O)c2c(c1)C(=O)c1cc(O)cc(O)c1C2=O,2784.3
CC(C)C(C)C=CC(C)C1CCC2C3=CC=C4CC(O)CCC4(C)C3CCC21C,3534.0
O=C1CC(c2ccc(O)c(O)c2)Oc2cc(O)cc(O)c21,1860.9
CC1(C)CCC2(CO)CCC3(C)C(=CCC4C5(C)CCC(O)C(C)(C)C5CCC43C)C2C1,3226.2000000000003
O=c1ccc2cc(OC3OC(CO)C(O)C(O)C3O)c(O)cc2o1,1068.0
CCOC(=O)Cc1c[nH]c2ccccc12,2130.0
CCCCCC=CCC=CCCCCCCCC(=O)OCC,3367.2
CCCCCCCCCCCCCC(=O)OCC,3306.2999999999997
C=CCc1ccc(OC(C)=O)c(OC)c1,2298.0
COc1ccc(-c2cc(=O)c3c(OC)c(OC)c(OC)cc3o2)cc1O,2244.0
Cc1cc2nc3c(O)nc(=O)nc-3n(CC(O)C(O)C(O)COP(=O)(O)OP(=O)(O)OCC3OC(n4cnc5c(N)ncnc54)C(O)C3O)c2cc1C,1242.0
CC(C)=CCCC(C)=CCCC(C)=CCOC1(O)OC(CO)C(O)C(O)C1O,2776.5
COc1cc(C=CC(=O)O)ccc1O,1554.0
Cc1cc2nc3c(O)nc(=O)nc-3n(CC(O)C(O)C(O)COP(=O)(O)O)c2cc1C,1314.0
N=c1nc(O)c2nc(CNc3ccc(C(=O)NC(CCC(=O)O)C(=O)O)cc3)cnc2[nH]1,1278.0
O=C(O)C=CC(=O)O,212.55
O=C(O)c1ccco1,762.0
O=Cc1ccco1,732.0
O=c1c(O)c(-c2ccccc2)oc2cc(O)cc(O)c12,2482.8
O=C(O)c1cc(O)c(O)c(O)c1,537.0
NCCCC(=O)O,129.0
NC(CCC(O)=NC(CS)C(=O)O)C(=O)O,196.5
O=c1c(-c2ccc(O)cc2)coc2cc(O)cc(O)c12,2106.0
COc1ccc(-c2coc3cc(OC)cc(O)c3c2=O)cc1,2688.0
O=C(O)c1cc(O)ccc1O,1020.0
CC(=O)CCC=C(C)CCC=C(C)C,2790.0
CC(C)=CCCC(C)=CCOC(=O)c1ccccc1,3078.0
CC(C)=CCCC(C)=CCOC1OC(CO)C(O)C(O)C1O,2202.0
CC(C)=CCCC(C)=CCOC(=O)Cc1ccccc1,3276.0
CCC(=O)OCC=C(C)CCC=C(C)C,2892.0
C=C1CC23CC1(O)CCC2C12C=CC(O)C(C)(C(=O)O1)C2C3C(=O)O,1529.3999999999999
O=C(O)C(O)C(O)C(O)C(O)CO,84.0
O=P(O)(O)OCC1OC(O)C(O)C(O)C1O,73.2
O=C(O)CCCC(=O)O,614.4
NC(CCC(O)=NC(CSSCC(N=C(O)CCC(N)C(=O)O)C(O)=NCC(=O)O)C(O)=NCC(=O)O)C(=O)O,580.5
O=C(O)C(O)CO,87.0
NCC(=O)O,73.2
COc1ccccc1O,1350.0
N=C(N)N,78.0
N=c1nc(O)c2nc[nH]c2[nH]1,192.89999999999998
CCCCCC(=O)O,1853.1000000000001
CCCCCCN,906.0
O=C(O)CN=C(O)c1ccccc1,1036.8000000000002
NCCc1cnc[nH]1,66.0
CC(CCC(=O)O)C1CCC2C3C(O)C(O)C4CC(O)CCC4(C)C3CCC12C,2734.7999999999997
CC(CCC(=O)O)C1CCC2C3CC(O)C4CC(O)CCC4(C)C3CCC12C,2781.0
c1ccc2[nH]ccc2c1,1686.0
O=C(O)c1cc2ccccc2[nH]1,2310.0
O=Cc1c[nH]c2ccccc12,1507.2
O=C(O)c1c[nH]c2ccccc12,1535.4
O=C(O)CCc1c[nH]c2ccccc12,1816.5
O=C(O)C(=O)Cc1c[nH]c2ccccc12,1817.1
O=C(O)C(O)Cc1c[nH]c2ccccc12,1476.0
CC(C)CCN,414.0
CC(C)C(O)(CC(=O)O)C(=O)O,1086.3
COc1cc(-c2oc3cc(O)cc(O)c3c(=O)c2O)ccc1O,2226.0
CCC=CCC1C(=O)CCC1CC(=O)O,2022.0000000000002
O=c1c(O)c(-c2ccc(O)cc2)oc2cc(O)cc(O)c12,2196.2999999999997
O=C(O)C1OC(Oc2c(-c3ccc(O)cc3)oc3cc(O)cc(O)c3c2=O)C(O)C(O)C1O,1840.5
O=C(O)C1(O)CC(O)C(O)C(O)C1,96.3
N=C(N)NCCCC(N)C(=O)O,72.9
O=C(O)C(O)C(O)C(=O)O,90.6
CC(O)C(=O)O,150.6
CC(C)=CCCC(C)C1CCC2(C)C3=C(CCC12C)C1(C)CCC(O)C(C)(C)C1CC3,3498.6000000000004
CCCCCCCCC=CCCCCCCCC(=O)OC(COC(=O)CCCCCCCCCCCCCCC)COP(=O)([O-])OCC[N+](C)(C)C,3594.0
COc1cc(-c2oc3cc(O)cc(O)c3c(=O)c2O)cc(O)c1O,2081.1000000000004
O=C1OC(C(O)CO)C(O)=C1O,143.1
N=C(O)CC(N)C(=O)O,76.5
NC(CC(=O)O)C(=O)O,77.1
N=C(O)NCCCC(N)C(=O)O,84.0
NC(CCSCC(N)C(=O)O)C(=O)O,72.6
NC(CS)C(=O)O,73.5
NC(CCC(=O)O)C(=O)O,78.89999999999999
N=C(O)CCC(N)C(=O)O,78.0
NC(CCC(O)=NC(CS)C(O)=NCC(=O)O)C(=O)O,204.29999999999998
NC(Cc1cnc[nH]1)C(=O)O,72.0
NC(CCO)C(=O)O,77.4
C=CC(C)(CCC=C(C)C)OC(=O)c1ccccc1,3048.0
CCCCCC=CCC=CCCCCCCCC(=O)O,3216.0
CCC=CCC=CCC=CCCCCCCCC(=O)O,3138.0
CCC(C)C(N)C(=O)O,276.90000000000003
Nc1ccccc1C(=O)CC(N)C(=O)O,660.3000000000001
CC(C)CC(N)C(=O)O,298.8
NCCCCC(N)C(=O)O,70.8
O=C(O)CC(O)C(=O)O,120.3
CSCCC(N)C(=O)O,168.0
CCCC(N)C(=O)O,138.0
NCCCC(N)C(=O)O,66.0
NC(Cc1ccccc1)C(=O)O,690.0
O=C(O)C1CCCN1,95.7
NC(CCCCNC(CCC(=O)O)C(=O)O)C(=O)O,82.5
NC(CO)C(=O)O,72.9
CC(O)C(N)C(=O)O,78.3
NC(Cc1c[nH]c2ccccc12)C(=O)O,960.0
NC(Cc1ccc(O)cc1)C(=O)O,365.1
C=C(C)C1CCC2(C)CCC3(C)C(CCC4C5(C)CCC(O)C(C)(C)C5CCC43C)C12,3600.0
O=c1cc(-c2ccc(O)c(O)c2)oc2cc(O)cc(O)c12,2081.3999999999996
CC(C)C(N)C(=O)O,131.1
O=C(O)CC(=O)O,126.6
COc1cc(-c2oc3cc(O)cc(=O)c-3cc2OC2OC(C[O+]=C(O)C=Cc3ccc(O)cc3)C(O)C(O)C2O)cc(OC)c1[O-],1950.0
COc1cc(-c2[o+]c3cc(O)cc(OC4OC(CO)C(O)C(O)C4O)c3cc2OC2OC(CO)C(O)C(O)C2O)cc(OC)c1[O-],1240.8
COc1cc(-c2[o+]c3cc(O)cc(O)c3cc2OC2OC(CO)C(O)C(O)C2O)cc(OC)c1[O-],1452.0
COc1cc(-c2[o+]c3cc(O)cc(O)c3cc2OC2OC(COC(C)=O)C(O)C(O)C2O)cc(OC)c1[O-],1734.0
OCC(O)C(O)C(O)C(O)CO,82.5
O=C(O)C=Cc1cccc(O)c1,1570.5
OCC1OC(OCC2OC(O)C(O)C(O)C2O)C(O)C(O)C1O,84.0
CCCCCCCCCCCCCCCCCCCC(=O)OC,3552.0
CCCCCCCCCCCCCCCCCCCCCC(=O)OC,3672.0
CCCCCCCC(=O)OC,2655.0
CCCCCCCCC=CCCCCCCCCCC(=O)OC,3471.6
CCCCCCCCCCCCCCCCCCCCC(=O)OC,3624.0
CCCCCCCCCCCCCCCCC(=O)OC,3426.0
CCC=CCC1C(=O)CCC1CC(=O)OC,2305.5
CCC=CCC=CCC=CCCCCCCCC(=O)OC,3270.0
CCCCCCCCCCCCCC(=O)OC,3265.5
CCCCCCCCCCCCCCCCCCC(=O)OC,3510.0
CCCCCCCCC=CCCCCCCCC(=O)OC,3390.9
CCCCCCCCCCCCCCCC(=O)OC,3384.0
CCCCCCC=CCCCCCCCC(=O)OC,3294.0
COC(=O)c1cc(O)c(O)c(Oc2c(O)c(O)c3oc(=O)c4cc(O)c(O)c5oc(=O)c2c3c54)c1,1806.0
CCCCCCCCCCCCCCCCCC(=O)OC,3468.0
COC(=O)CCS,2027.7
COC(=O)c1ccccc1O,2070.0
O=c1c(O)c(-c2ccc(O)cc2O)oc2cc(O)cc(O)c12,1914.8999999999999
C1COCCN1,84.0
O=C(O)C(O)C(O)C(O)C(O)C(=O)O,78.0
OC1C(O)C(O)C(O)C(O)C1O,73.2
CC1OC(Oc2c(-c3cc(O)c(O)c(O)c3)oc3cc(O)cc(O)c3c2=O)C(O)C(O)C1O,1698.0
CC(O)=NC(Cc1ccc(O)cc1)C(=O)O,1042.8
CC(O)=NC1C(O)OC(CO)C(O)C1O,89.200000002
CC(O)=NC1C(O)CC(O)(C(=O)O)OC1C(O)C(O)CO,89.7
CCCCCCC(=O)O,2165.4
O=C1CCC(=O)N1O,120.0
N=C(O)c1cccnc1,227.4
CN1CCCC1c1cccnc1,278.4
O=C(O)c1cccnc1,178.5
Nc1ncnc2c1ncn2C1OC(COP(=O)([O-])OP(=O)(O)OCC2OC([n+]3cccc(C(=O)O)c3)C(O)C2O)C(O)C1O,498.00000000000006
O=C(O)c1ccc[n+](C2OC(COP(=O)([O-])O)C(O)C2O)c1,126.0
CCCCCCCCC(=O)O,2586.2999999999997
CCCCCCCC(=O)O,2400.9
CCCCCCCCOC1OC(CO)C(O)C(O)C1O,2256.0
CCCCCCCCN,1655.1000000000001
CCCCCCCCC=CCCCCCCCC(=O)O,3291.0
NC(COP(=O)(O)O)C(=O)O,72.6
O=c1cc(-c2ccc(O)c(O)c2)oc2c(C3OC(CO)C(O)C(O)C3O)c(O)cc(O)c12,1529.1
CCCCCCCCCCCCCCCC(=O)O,3265.2000000000003
CCCCCCC=CCCCCCCCC(=O)O,3168.0
O=C(O)C=Cc1ccc(O)cc1,1458.0
[O-]c1cc(OC2OC(CO)C(O)C(O)C2O)c2cc(OC3OC(CO)C(O)C(O)C3O)c(-c3ccc(O)cc3)[o+]c2c1,1176.0
[O-]c1cc(O)cc2[o+]c(-c3ccc(O)cc3)c(OC3OC(CO)C(O)C(O)C3O)cc12,1422.0
O=c1c(OC2OC(COC3OCC(O)C(O)C3O)C(O)C(O)C2O)c(-c2ccc(O)c(O)c2)oc2cc(O)cc(O)c12,1697.7
COc1cc(-c2[o+]c3cc(O)cc(OC4OC(CO)C(O)C(O)C4O)c3cc2OC2OC(CO)C(O)C(O)C2O)ccc1[O-],1212.0
COc1cc(-c2[o+]c3cc(O)cc([O-])c3cc2OC2OC(CO)C(O)C(O)C2O)ccc1O,1439.3999999999999
COc1cc(-c2[o+]c3cc(O)cc([O-])c3cc2OC2OCC(O)C(O)C2O)ccc1O,1488.0
COc1cc(-c2[o+]c3cc(O)cc([O-])c3cc2OC2OC(COC(C)=O)C(O)C(O)C2O)ccc1O,1752.0
COc1cc(-c2oc3cc(O)cc(=O)c-3cc2OC2OC(C[O+]=C([O-])C=Cc3ccc(O)cc3)C(O)C(O)C2O)ccc1O,1979.1
COc1cc(-c2[o+]c3cc(O)cc(O)c3cc2O)cc(O)c1[O-],1782.0
COc1cc(-c2[o+]c3cc(O)cc(O)c3cc2OC2OC(CO)C(O)C(O)C2O)cc(O)c1[O-],1374.0
NCCc1ccccc1,726.0
COC1C(O)C(O)C(O)C(O)C1O,84.3
O=C(O)C1CNCCN1,71.10000000000001
C1CCNCC1,150.0
O=C(C=CC=Cc1ccc2c(c1)OCO2)N1CCCCC1,2442.0
O=C(O)c1ccc2c(c1)OCO2,1602.9
Oc1cc(O)c2c(c1)OC1(c3ccc(O)c(O)c3)Oc3cc(O)c4c(c3C2C1O)OC(c1ccc(O)c(O)c1)C(O)C4,1512.0
CCCN,90.0
O=C(O)c1ccc(O)c(O)c1,834.0
Cc1ncc(CO)c(C=O)c1O,226.5
Cc1ncc(COP(=O)(O)O)c(C=O)c1O,239.4
Cc1ncc(CO)c(CN)c1O,85.19999999999999
Cc1ncc(COP(=O)(O)O)c(CN)c1O,84.3
Cc1ncc(CO)c(CO)c1O,294.0
Oc1ccccc1O,780.0
C1CCNC1,90.0
CC(=O)C(=O)O,107.4
O=c1c(O)c(-c2ccc(O)c(O)c2)oc2cc(O)cc(O)c12,2038.7999999999997
O=c1c(OC2OC(CO)C(O)C(O)C2O)c(-c2ccc(O)c(O)c2)oc2cc(O)cc(O)c12,1737.0
CC(=O)OCC1OC(Oc2c(-c3ccc(O)c(O)c3)oc3cc(O)cc(O)c3c2=O)C(O)C(O)C1O,1859.1
CC1OC(Oc2c(-c3ccc(O)c(O)c3)oc3cc(O)cc(O)c3c2=O)C(O)C(O)C1O,1866.0
OCC1OC(OCC2OC(OC3(CO)OC(CO)C(O)C3O)C(O)C(O)C2O)C(O)C(O)C1O,156.3
COc1cc(O)c2c(=O)c(O)c(-c3ccc(O)c(O)c3)oc2c1,2334.0
CC1OC(O)C(O)C(O)C1O,94.5
Cc1cc2nc3c(O)nc(=O)nc-3n(CC(O)C(O)C(O)CO)c2cc1C,1434.0
CC1OC(OCC2OC(Oc3c(-c4ccc(O)cc4)oc4cc(OC5OC(C)C(O)C(O)C5O)cc(O)c4c3=O)C(O)C(O)C2O)C(O)C(O)C1O,1716.0
O=C(C=Cc1ccc(O)c(O)c1)OC(Cc1ccc(O)c(O)c1)C(=O)O,1798.5
COc1cc(O)c2c(c1)OC(c1ccc(O)cc1)CC2=O,2339.1
O=C(O)c1ccccc1O,1584.0
C=CC(C)(O)CCC1C(C)(O)CCC2C(C)(C)CCCC21C,3006.0
COc1cc2ccc(=O)oc2cc1O,1474.8
NCCc1c[nH]c2ccc(O)cc12,666.0
O=C(O)C1=CC(O)C(O)C(O)C1,137.4
COc1cc(C=CC(=O)O)cc(OC)c1O,1554.0
COc1cc(C=CCO)cc(OC)c1O,1416.0
COc1ccc(-c2cc(=O)c3c(OC)c(OC)c(OC)cc3o2)cc1OC,2358.0
CC1CCC2(CO)CCC3(C)C(=CCC4C5(C)CCC(O)C(C)(C)C5CCC43C)C2C1C,98.39999999999999
CC=CC=CC(=O)O,1503.642
NCCCCNCCCN,62.400000000000006
NCCCNCCCCNCCCN,58.8
OCC1OC(OCC2OC(OCC3OC(OC4(CO)OC(CO)C(O)C4O)C(O)C(O)C3O)C(O)C(O)C2O)C(O)C(O)C1O,144.0
O=C(O)CCC(=O)O,298.5
OCC1OC(OC2(CO)OC(CO)C(O)C2O)C(O)C(O)C1O,114.0
COc1cc(C=NN=Cc2cc(OC)c(O)c(OC)c2)cc(OC)c1O,2129.4
COc1cc(C=O)cc(OC)c1O,1410.0
COc1cc(-c2oc3cc(O)cc(O)c3c(=O)c2O)cc(OC)c1O,2244.0
COc1cc(-c2oc3cc(O)cc(O)c3c(=O)c2OC2OC(CO)C(O)C(O)C2O)cc(OC)c1O,1894.05
CC(CCC(O)=NCCS(=O)(=O)O)C1CCC2C3C(O)CC4CC(O)CCC4(C)C3CC(O)C12C,2538.0
CC(C)(C)c1cc(O)ccc1O,1830.0
Cn1cnc2c1c(O)nc(=O)n2C,918.0
Cn1c(=O)c2nc[nH]c2n(C)c1=O,1068.0
CC1=C(CCO)S[CH]N1Cc1cnc(C)[nH]c1=N,96.0
O=C(O)C(O)C(O)CO,87.0
O=CC(O)C(O)CO,88.2
CC1(O)CCC(C(C)(C)O)CC1,1674.0
C[n+]1cccc(C(=O)[O-])c1,100.19999999999999
OCCc1c[nH]c2ccccc12,1572.9
NCCc1ccc(O)cc1,372.0
OCCc1ccc(O)cc1,1050.0
O=c1ccc2ccc(O)cc2o1,1434.0
Oc1ccnc(O)n1,178.5
N=C(N)O,78.0
CCOC(=N)O,426.0
Oc1nc(O)c2nc(O)[nH]c2n1,97.2
O=c1nc(O)ccn1C1OC(CO)C(O)C1O,420.3
CC1CCC2(C(=O)O)CCC3(C)C(=CCC4C5(C)CCC(O)C(C)(C)C5CCC43C)C2C1C,3216.0
COc1cc(C(=O)O)ccc1O,1218.0
COc1cc(C=O)ccc1O,1290.3
Oc1ccc(C2Oc3cc(O)c4c(c3C2c2cc(O)cc(O)c2)C2c3c(O)cc5c(c3C(C4c3ccc(O)cc3)C2c2ccc(O)cc2)C(c2cc(O)cc(O)c2)C(c2ccc(O)cc2)O5)cc1,1739.3999999999999
CC1=C2N=C(C=C3N=C(C(C)=C4NC(C)(C5N=C1C(C)(CCC(O)=NCC(C)OP(=O)(O)OC1C(CO)OC([n+]6c[nH]c7cc(C)c(C)cc76)C1O)C5CC(=N)O)C(C)(CC(=N)O)C4CCC(=N)O)C(C)(CC(=N)O)C3CCC(=N)[O-])C(C)(C)C2CCC(=N)O,1302.0
CC(=CCC1=C(C)C(=O)c2ccccc2C1=O)CCCC(C)CCCC(C)CCCC(C)C,3462.0
Oc1nc(O)c2nc[nH]c2n1,360.9
OC1COC(O)C(O)C1O,84.0
OCC(O)C(O)CO,84.6
O=Cc1ccc(O)c(O)c1,972.0
O=C(O)C=C(CC(=O)O)C(=O)O,264.0
O=C(O)CO,138.0
O=CC(=O)O,78.0
CCCCCCCCCCCCCCCCCCCCCCCC(=O)O,3612.0
O=C(O)C(=O)O,78.0
OCC1OC(Oc2ccccc2)C(O)C(O)C1O,983.9999999999999
CC(CCC(O)=NCCOS(=O)(=O)O)C1CCC2C3C(O)CC4CC(O)CCC4(C)C3CCC12C,2736.0
O=C(O)C(O)Cc1ccc(O)cc1,92.66099999999999
CCC(O)C(=O)O,83.964
CCCCCCCCCCCCCCCCC=COCC(O)COP(=O)([O-])OCC[N+](C)(C)C,296.863000002
CCC(C)(O)C(=O)O,97.546999998
CC(C)C(O)C(=O)O,101.128000002
CC(=O)C(C)C(=O)O,96.77099999999999
CCC(C)C(=O)C(=O)O,111.87700000199999
CC(C)CC(=O)C(=O)O,119.42899999800001
CCCC(=O)C(=O)O,97.141999998
CC(O)C1CCC2C3CCC4CC(=O)CCC4(C)C3CCC12C,259.815
CC(O)C(C)C(=O)O,90.649999998
CC(C)(O)CC(=O)O,86.46000000000001
O=C(O)CCc1ccc(O)c(O)c1,101.14300000200001
OCC(O)c1ccc(O)c(O)c1,60.925000002
Nc1ccc(OS(=O)(=O)O)cc1,38.46
CC(C)(O)C(=O)O,83.763
CC(C)C(=O)C(=O)O,86.785000002
CCCCCCCCCCCCCCCCOCC(COP(=O)([O-])OCC[N+](C)(C)C)OC(=O)CCCCCCCC(=O)O,291.373000002
CC(CO)C(=O)O,83.775
[C-]#[S+],191.30500000199999
CC(O)C1N=C(O)C2CCCN2C1=O,82.048999998
CC(C)C1N=C(O)C2CCCN2C1=O,104.146999998
CS(=O)CCC(N)C(=O)O,35.741500001999995
O=C(O)CCCO,64.378000002
CC(C)CC(N)C(=O)O,76.786999998
CCCCCC=CCC=CCCCCCCCC(=O)OCC(O)COP(=O)([O-])OCC[N+](C)(C)C,255.252
CCC=CCC=CCC=CCC=CCC=CCCCC(=O)OCC(O)COP(=O)([O-])OCC[N+](C)(C)C,241.18200000000002
CCCCCCCCCCCCCCC(=O)OCC(COP(=O)([O-])OCC[N+](C)(C)C)OC(=O)CCCCCCCC(=O)O,279.80800000199997
CCC=CCC=CCC=CCC=CCC=CCCCC(=O)OCC(COP(=O)([O-])OCC[N+](C)(C)C)OC(=O)CCCC=CCC=CCC=CCC=CCC=CCC,3
CCCCCCCCCCCCCCCC(=O)OCC(COP(=O)([O-])OCC[N+](C)(C)C)OC(=O)CCCC(=O)O,271.281499998
CCCCCCCCCCCCCCCC(=O)OCC(COP(=O)([O-])OCC[N+](C)(C)C)OC(=O)CCCC=O,279.505999998
CCC(=O)OC(CC(=O)[O-])C[N+](C)(C)C,81.12499999799999
Cc1ncc(C[n+]2csc(CCOP(=O)([O-])O)c2C)c(=N)[nH]1,35.707999998
CCC(C)C1N=C(O)C(C)N=C1O,107.853
CC(C)CC1N=C(O)C(C)N=C1O,111.582
CC(C)CC1N=C(O)CN=C1O,105.082000002
CCC(C)C1N=C(O)C(C(C)C)N=C1O,138.723
CC(=O)CCC(=O)O,83.467999998
CC(C)C(N=C(O)C1CCC(O)=N1)C(=O)O,94.458
CC(C)C(N)C(O)=NC(CCC(=O)O)C(=O)O,54.363499997999995
COc1ccc(O)c(C(=O)O)c1,144.79099999800002
CC(O)CC(=O)O,106.819999998
NC(CCC(=O)O)C(=O)O,34.636000002
CCC(C)C(N=C(O)C(N)CC(=O)O)C(=O)O,35.998000002
CC(C)CC(N=C(O)C(N)CC(=O)O)C(=O)O,36.016000002
CCC(C)C(N=C(O)CC(N)C(=O)O)C(=O)O,36.004000002
CC(C)CC(N=C(O)CC(N)C(=O)O)C(=O)O,35.986999998
O=C(O)CCC1N=C(O)C(CC(=O)O)N=C1O,53.013
CCC(C)C1N=C(O)C(CC(=O)O)N=C1O,99.04099999799999
CC(C)CC1N=C(O)C(CC(=O)O)N=C1O,100.522000002
CCC(C)C1N=C(O)C(CCC(=O)O)N=C1O,102.784999998
CC(C)C1N=C(O)C(CCC(=O)O)N=C1O,89.902999998
CC(C)C1N=C(O)C(Cc2ccccc2)N=C1O,143.260000002
CC(C)C(N=C(O)C(N)CCC(=O)O)C(=O)O,79.318999998
CCC(C)C(N)C(O)=NC(CC(=O)O)C(=O)O,35.998000002
CC(C)CC(N)C(O)=NC(CC(=O)O)C(=O)O,35.998999998
CSCCC(N=C(O)Cc1ccccc1)C(=O)O,154.56900000000002
O=C(O)CC(N=C(O)C1CCC(O)=N1)C(=O)O,35.992999998
CCC(C)C(N=C(O)C1CCC(O)=N1)C(=O)O,109.551
CC(C)CC(N=C(O)C1CCC(O)=N1)C(=O)O,113.41499999999999
NC(Cc1ccccc1)C(O)=NC(CC(=O)O)C(=O)O,92.199
NC(CCCCn1c(C=O)ccc1CO)C(=O)O,85.701
CC12CCC(=O)C=C1CCC1C2CCC2(C)C1CCC2(O)C(=O)CO,182.69800000200001
O=C(O)CN=C(O)C=Cc1c[nH]c2ccccc12,127.779
CCC(C)C(N)C(=O)O,80.93100000000001
CNC(CC(=O)O)C(=O)O,34.795000001999995
O=C(O)CN=C(O)c1cccnc1,80.76
CC12C=CC(=O)C=C1CCC1C2C(O)CC2(C)C1CCC2(O)C(=O)CO,159.08700000000002
CC(O)C(N)C(=O)O,34.413
CC(C)C(N)C(=O)O,47.875999998000005
O=C(O)CCC1N=C(O)C2CCCN2C1=O,85.69000000199999
CC(O)C(N=C(O)C1CCCN1)C(=O)O,36.004000002
CC(C)C(N=C(O)C(N)Cc1ccccc1)C(=O)O,97.791
CC(C)C(N)C(O)=NC(Cc1ccccc1)C(=O)O,102.03199999799999
CN1C(=O)CCC1c1cccnc1,75.46499999999999
Cn1cnc2c(ncn2C2OC(CO)C(O)C2O)c1=N,78.22399999800001
Cn1c(O)nc2[nH]c(O)nc2c1=O,76.82100000000001
Cn1c(O)nc2ncn(C)c2c1=O,86.94449999999999
N=c1ccn(C2OC(CO)C(O)C2O)c(S)n1,59.146000002
NC(CCCC(N)C(=O)O)C(=O)O,32.566999998
Nc1c(O)cccc1C(=O)CC(N)C(=O)O,62.091
Cn1c(=N)ccn(C2OC(CO)C(O)C2O)c1=O,59.146000002
Cn1c(=O)nc(O)c2nc[nH]c21,77.01
CC(O)=Nc1ccc(C(=O)O)cc1,102.44299999799999
Nc1ccc(O)cc1,38.46
O=Cc1ccc(O)cc1,114.760999998
O=C(O)Cc1c[nH]c2ccc(O)cc12,96.66300000000001
Cc1cn(C2OC(CO)C(O)C2O)c(O)nc1=N,76.70700000000001
COc1cc2c(CCN=C(C)O)c[nH]c2cc1O,108.751999998
C[n+]1cn(C2OC(CO)C(O)C2O)c2[nH]c(=N)nc([O-])c21,70.398
CNC(C)(C)C(=O)O,42.696
OCC1OC(OC2C(CO)OC(O)C(O)C2O)C(O)C(O)C1O,35.974999998
N=C(N)NCCCC(N)C(=O)O,33.951
CC(C)c1cc2c(c(O)c1O)C13CCCC(C)(C)C1CC2OC3=O,239.749000002
CC(NCCCCC(N)C(=O)O)C(=O)O,34.240999998
CC(CCC(=O)O)C1CCC2C3C(O)CC4CC(O)CCC4(C)C3CCC12C,234.14599999799998
NC(CCCCNCC(=O)O)C(=O)O,40.544999999999995
COC1=C(OC)C(=O)C(CC=C(C)C)=C(C)C1=O,235.452
N=c1ccn(C2OC(CO)C(O)C2O)c(O)n1,44.923999998
CC(C)(CO)C(O)C(O)=NCCC(O)=NCCSSCCN=C(O)CCN=C(O)C(O)C(C)(C)CO,112.23
CC(CCC(=O)O)C1CCC2C3C(=O)CC4CC(=O)CCC4(C)C3CC(=O)C12C,178.798999998
OC1=NCCCC1,83.203999998
NC(CCCC(=O)O)C(=O)O,39.429
O=C(O)C(O)Cc1c[nH]c2ccccc12,128.068999998
NC(CCCN=C1N=C(O)CN1)C(=O)O,33.653999999999996
NC(CCCCN=C(O)CO)C(=O)O,40.544999999999995
CC(CCC(O)=NCC(=O)O)C1CCC2C3C(O)CC4CC(O)CCC4(C)C3CCC12C,207.844999998
CC(CCC(O)=NCC(=O)O)C1CCC2C3C(O)CC4CC(O)CCC4(C)C3CC(O)C12C,184.401
CC(CCC(O)=NCC(=O)O)C1CCC2C3CCC4CC(O)CCC4(C)C3CC(O)C12C,207.844999998
CC(CCC(O)=NCC(=O)O)C1CCC2C3CCC4CC(O)CCC4(C)C3CCC12C,213.517999998
N=c1nc(O)c2ncn(C3OC(CO)C(O)C3O)c2[nH]1,75.835000002
NCCS(=O)O,34.562500002
Oc1ncnc2[nH]cnc12,52.921000002
O=Cc1c[nH]c2ccccc12,136.447999998
OCC1OC(Oc2c[nH]c3ccccc23)C(O)C(O)C1O,101.80499999999999
O=C(O)C1OC(Oc2c[nH]c3ccccc23)C(O)C(O)C1O,102.214000002
OCC1OC(n2cnc3c(O)ncnc32)C(O)C1O,75.835000002
O=c1c(O)c(-c2ccc(O)cc2)oc2cc(O)cc(O)c12,165.564
NC(CS)C(=O)O,36.187000002
NC(CSSCC(N)C(=O)O)C(=O)O,32.754000000000005
Nc1ccccc1C(=O)CC(N)C(=O)O,80.67499999799999
NCCCCC(N)C(=O)O,30.589000002000002
NCCCC(N)C(=O)O,30.994000001999996
CCCCCCCCCCCC(=O)OC(CC(=O)[O-])C[N+](C)(C)C,202.57500000000002
CSCCC(N)C(=O)O,55.645000002
CC1NC(=NCCCC(N)C(=O)O)N=C1O,35.107999998
OC1C(O)C(O)C(O)C(O)C1O,34.243000002
CC(O)=NC(CC(=O)O)C(O)=NC(CCC(=O)O)C(=O)O,76.582000002
CC(O)=NC(Cc1ccc(O)cc1)C(=O)O,91.846999998
CCCCCCCCCCCC(=O)N(C)CC(=O)O,256.377
N=C(O)c1cccnc1,58.165000002
CCCCCCCCC=CCCCCCCCC(=O)OC(CCC(=O)[O-])[N+](C)(C)C,245.00400000000002
O=C(O)c1cc(O)nc(O)n1,43.129000002
Nc1ccc(C(=O)NCC(=O)O)cc1,77.67
O=C(O)C1CCCN1C(=O)C1CCC(O)=N1,85.713
NC(Cc1ccccc1)C(=O)O,37.918000002
O=C(O)c1ccc2ccccc2n1,100.98899999999999
CNCC(=O)O,34.435999998
OCC1OC(OC2(CO)OC(CO)C(O)C2O)C(O)C(O)C1O,39.679999998
COc1cc(C(=O)O)cc(OC)c1O,107.281000002
CC(CCC(O)=NCCS(=O)(=O)O)C1CCC2C3CCC4CC(O)CCC4(C)C3CC(O)C12C,199.774999998
CC(CCC(O)=NCCS(=O)(=O)O)C1CCC2C3CCC4CC(O)CCC4(C)C3CCC12C,230.241499998
Cn1cnc2c1c(O)nc(=O)n2C,82.168000002
O=C(O)C1CC(O)CN1,34.591000002
NCCc1c[nH]c2ccccc12,91.66999999800001
NC(Cc1c[nH]c2ccccc12)C(=O)O,87.160000002
NC(Cc1ccc(O)cc1)C(=O)O,63.391999998
O=c1nc(O)ccn1C1OC(CO)C(O)C1O,69.417
COc1cc(C(=O)O)ccc1O,106.56299999999999
COc1cc(C=O)ccc1O,122.097
OCC1OC(c2cnc(O)nc2O)C(O)C1O,69.53099999999999
N=C(N)NCCCC(N)C(=O)O,31.609000002000002
NCCS(=O)(=O)O,33.388000002
N=C(O)NCCCC(N)C(=O)O,34.482
Nc1nc[nH]c2ncnc1-2,41.098999998000004
Oc1nc(O)c2nc(O)[nH]c2n1,45.135
Oc1ccnc(O)n1,45.135
O=C(O)CC(O)(CC(=O)O)C(=O)O,47.101000002
CSCCC(N)C(=O)O,46.885000002
O=C(O)C1CCC(O)=N1,50.157
O=c1nc(O)ccn1C1OC(CO)C(O)C1O,47.101000002
NC(Cc1ccc(O)cc1)C(=O)O,47.421
Nc1ncnc2c1ncn2C1OC(CO)C(O)C1O,80.49700000200001
OCC1OC(n2cnc3c(O)ncnc32)C(O)C1O,50.782999998
CC(C)CC(N)C(=O)O,80.71399999799999
CCC(C)C(N)C(=O)O,80.71399999799999
CC(C(=O)O)C(=O)O,76.000000002
O=C(O)CCCC(=O)O,82.014
NC(Cc1ccccc1)C(=O)O,84.18
O=C(O)CCCCC(=O)O,89.896999998
NC(Cc1c[nH]c2ccccc12)C(=O)O,89.19
O=C(O)CN=C(O)c1ccccc1,106.39200000000001
O=C(O)C=Cc1ccc(O)c(O)c1,102.28049999999999
O=C(O)Cc1ccccc1,71.569000002
O=C(O)CCCCCC(=O)O,103.01800000200001
O=C(O)C(O)Cc1ccccc1,124.689
O=C(O)CCCCCCCC(=O)O,135.673000002
CC12CCC(=O)C=C1CCC1C2C(O)CC2(C)C1CCC2(O)C(=O)CO,157.857
CC(CCC(O)=NCCS(=O)(=O)O)C1CCC2C3C(O)CC4CC(O)CCC4(C)C3CC(O)C12C,170.796
CC(CCC(O)=NCC(=O)O)C1CCC2C3C(O)CC4CC(O)CCC4(C)C3CC(O)C12C,183.028999998
CC(CCC(=O)O)C1CCC2C3C(O)CC4CC(O)CCC4(C)C3CC(O)C12C,203.99299999800002
CC(CCC(=O)O)C1CCC2C3C(O)CC4CC(O)CCC4(C)C3CCC12C,236.317999998
CC(CCC(=O)O)C1CCC2C3CCC4CC(O)CCC4(C)C3CC(O)C12C,236.317999998
CCCCCCCCCCCCCCCC(=O)OCC(O)COP(=O)([O-])OCC[N+](C)(C)C,264.105499998
CCCCCCCCC=CCCCCCCCC(=O)OCC(O)COP(=O)([O-])OCC[N+](C)(C)C,270.258499998
Cc1cc2nc3c(O)nc(=O)nc-3n(CC(O)C(O)C(O)CO)c2cc1C,100.806
CC12CCC(=O)C=C1CCC1C2C(=O)CC2(C)C1CCC2(O)C(=O)CO,156.409999998
O=C(O)C1CCCN1,37.588999998
Cn1cnc(CC(N)C(=O)O)c1,31.882999998
CN1CC(O)=NC1=N,34.345000002
CN(C)CC(=O)O,34.345000002
CC1(O)CCOC(=O)C1,82.60099999799999
Nc1ccc(C(=O)O)cc1,90.154000002
Cn1c(=O)c2c(ncn2C)n(C)c1=O,99.291
Cn1cnc2c(ncn2C2OC(CO)C(O)C2O)c1=N,666.0
Cn1c(=N)[nH]c2c(ncn2C2OC(CO)C(O)C2O)c1=O,426.0
OCC1OCC(O)C(O)C1O,552.0
NC(CCCC(=O)O)C(=O)O,732.0
O=C(O)CCC(=O)C(=O)O,774.0
Nc1ncnc2c1ncn2C1OC2COP(=O)(O)OC2C1O,426.0
Nc1ccc(C(=O)O)cc1,432.0
O=C(O)C(O)C(O)C(O)C(O)COP(=O)(O)O,900.0
CC(=O)OC(CC(=O)[O-])C[N+](C)(C)C,510.0
CC(=O)SCCN=C(O)CCN=C(O)C(O)C(C)(C)COP(=O)(O)OP(=O)(O)OCC1OC(n2cnc3c(N)ncnc32)C(O)C1OP(=O)(O)O,630.0
Nc1nc[nH]c2ncnc1-2,396.0
Nc1ncnc2c1ncn2C1OC(CO)C(O)C1O,372.0
Nc1ncnc2c1ncn2C1OC(COP(=O)(O)OP(=O)(O)O)C(O)C1O,744.0
N=C(O)c1ncn(C2OC(COP(=O)(O)O)C(O)C2O)c1N,762.0
Nc1ncnc2c1ncn2C1OC(COP(=O)(O)O)C(O)C1O,690.0
N=C(N)NCCCC(N)C(=O)O,1488.0
N=C(NCCCC(N)C(=O)O)NC(CC(=O)O)C(=O)O,852.0
N=C(O)CC(N)C(=O)O,744.0
NC(CC(=O)O)C(=O)O,750.0
Nc1ncnc2c1ncn2C1OC(COP(=O)(O)OP(=O)(O)OP(=O)(O)O)C(O)C1O,828.0
C[N+](C)(C)CC(=O)[O-],516.0
O=C(O)CCCCC1SCC2N=C(O)NC21,372.0
C[N+](C)(C)CCCC(=O)[O-],654.0
CCCC(=O)OC(CC(=O)[O-])C[N+](C)(C)C,372.0
Cn1c(=O)c2c(ncn2C)n(C)c1=O,228.0
C[N+](C)(C)CC(O)CC(=O)[O-],654.0
N=c1ccn(C2OC(COP(=O)(O)OP(=O)(O)O)C(O)C2O)c(O)n1,882.0
C[N+](C)(C)CCOP(=O)(O)OP(=O)([O-])OCC1OC(n2ccc(=N)nc2O)C(O)C1O,780.0
CC(CCC(=O)O)C1CCC2C3C(O)CC4CC(O)CCC4(C)C3CCC12C,234.0
O=C(O)C=C(CC(=O)O)C(=O)O,930.0
CC(O)(CC(=O)O)C(=O)O,756.0
O=C(O)CC(O)(CC(=O)O)C(=O)O,930.0
N=C(O)NCCCC(N)C(=O)O,780.0
N=c1ccn(C2OC(COP(=O)(O)O)C(O)C2O)c(O)n1,792.0
CC(C)(COP(=O)(O)OP(=O)(O)OCC1OC(n2cnc3c(N)ncnc32)C(O)C1OP(=O)(O)O)C(O)C(O)=NCCC(O)=NCCS,702.0
CN(CC(=O)O)C(=N)N,726.0
CN1CC(O)=NC1=N,414.0
N=c1ccn(C2OC(COP(=O)(O)OP(=O)(O)OP(=O)(O)O)C(O)C2O)c(O)n1,930.0
N=c1ccn(C2OC(CO)C(O)C2O)c(O)n1,546.0
CCCCCCCCCC(=O)OC(CC(=O)[O-])C[N+](C)(C)C,252.0
CC(=O)N(O)CCCC1N=C(O)CN=C(O)CN=C(O)CN=C(O)C(CCCN(O)C(C)=O)N=C(O)C(CCCN(O)C(C)=O)N=C1O,354.0
CN(C)C(=N)NCCCC(N)C(=O)O,1200.0
CN(C)c1nc(O)c2ncn(C3OC(CO)C(O)C3O)c2n1,360.0
CN(C)C(Cc1cnc[nH]1)C(=O)O,582.0
CN(C)CCCCC(N)C(=O)O,1152.0
C[N+]1(C)CCCC1C(=O)[O-],474.0
O=C(O)C(COP(=O)(O)O)OP(=O)(O)O,936.0
CCCCCCCCCCCC(=O)OC(CC(=O)[O-])C[N+](C)(C)C,228.0
C[N+](C)(C)C(Cc1cnc([S-])[nH]1)C(=O)O,726.0
Cc1cc2nc3c(O)nc(=O)nc-3n(CC(O)C(O)C(O)COP(=O)(O)OP(=O)(O)OCC3OC(n4cnc5c(N)ncnc54)C(O)C3O)c2cc1C,564.0
CC(=O)N(O)CCCC1N=C(O)CN=C(O)CN=C(O)CN=C(O)C(CCCN(O)C(C)=O)N=C(O)C(CCCN(O)C(C)=O)N=C1O,282.0
O=P(O)(O)OCC1OC(O)(COP(=O)(O)O)C(O)C1O,930.0
O=P(O)(O)OCC1OC(O)(CO)C(O)C1O,798.0
O=C(O)C=CC(=O)O,786.0
N=c1nc(O)c2ncn(C3OC(COP(=O)(O)OP(=O)(O)O)C(O)C3O)c2[nH]1,930.0
N=c1nc(O)c2ncn(C3OC(COP(=O)(O)OP(=O)(O)OC4OC(CO)C(O)C(O)C4O)C(O)C3O)c2[nH]1,930.0
O=C(O)C(O)C(O)C(O)C(O)CO,684.0
NC1C(O)OC(CO)C(O)C1O,696.0
OCC1OC(O)C(O)C(O)C1O,720.0
O=P(O)(O)OCC1OC(O)C(O)C(O)C1O,852.0
NC(CCC(=O)O)C(=O)O,726.0
COC(=O)C(N)CCC(=O)O,426.0
N=C(O)CCC(N)C(=O)O,732.0
O=C(O)CCCC(=O)O,720.0
NC(CCC(O)=NC(CSSCC(N=C(O)CCC(N)C(=O)O)C(O)=NCC(=O)O)C(O)=NCC(=O)O)C(=O)O,900.0
O=CC(O)COP(=O)(O)O,792.0
O=C(O)C(O)CO,606.0
O=P(O)(O)OC(CO)CO,732.0
C[N+](C)(C)CCOP(=O)([O-])OCC(O)CO,726.0
N=c1nc(O)c2ncn(C3OC(COP(=O)(O)O)C(O)C3O)c2[nH]1,846.0
N=c1nc(O)c2ncn(C3OC(COP(=O)(O)OP(=O)(O)OP(=O)(O)O)C(O)C3O)c2[nH]1,983.9999999999999
N=c1nc(O)c2ncn(C3OC(CO)C(O)C3O)c2[nH]1,588.0
CCCCCC(=O)OC(CC(=O)[O-])C[N+](C)(C)C,288.0
O=C(O)CN=C(O)c1ccccc1,264.0
NCCc1cnc[nH]1,1488.0
NC(Cc1cnc[nH]1)C(=O)O,720.0
NC(CO)Cc1cnc[nH]1,978.0
CC(O)(CC(=O)O)CC(=O)SCCN=C(O)CCN=C(O)C(O)C(C)(C)COP(=O)(O)OP(=O)(O)OCC1OC(n2cnc3c(N)ncnc32)C(O)C1OP(=O)(O)O,792.0
Oc1ncnc2[nH]cnc12,456.0
O=P(O)(O)OCC1OC(n2cnc3c(O)ncnc32)C(O)C1O,786.0
O=S(=O)(O)Oc1c[nH]c2ccccc12,294.0
OCC1OC(n2cnc3c(O)ncnc32)C(O)C1O,491.99999999999994
CCC(C)C(N)C(=O)O,516.0
CC(C)CC(=O)OC(CC(=O)[O-])C[N+](C)(C)C,324.0
Nc1ccccc1C(=O)CC(N)C(=O)O,480.0
CC(C)CC(N)C(=O)O,456.0
NCCCCC(N)C(=O)O,1398.0
O=C(O)CC(O)C(=O)O,798.0
CSCCC(N)C(=O)O,522.0
Cn1cnc(CC(N)C(=O)O)c1,612.0
CNCCCCC(N)C(=O)O,1326.0
OC1C(O)C(O)C(O)C(O)C1O,864.0
CCC(C)C(N=C(C)O)C(=O)O,264.0
CC(O)=NC(CCCNC(=N)N)C(=O)O,738.0
CC(O)=NC(CC(=O)O)C(=O)O,750.0
CC(O)=NC1C(O)OC(CO)C(O)C1O,558.0
CC(O)=NC(CCC(=O)O)C(=O)O,696.0
CC(O)=NC(CCCN)C(=O)O,666.0
CC(O)=NC(CCCCN)C(=O)O,762.0
CC(O)=NCCCCC(N)C(=O)O,630.0
N=C(O)c1ccc[n+](C2OC(COP(=O)(O)OP(=O)([O-])OCC3OC(n4cnc5c(N)ncnc54)C(O)C3O)C(O)C2O)c1,714.0
N=C(O)C1=CN(C2OC(COP(=O)(O)OP(=O)(O)OCC3OC(n4cnc5c(N)ncnc54)C(O)C3O)C(O)C2O)C=CC1,666.0
N=C(O)c1ccc[n+](C2OC(COP(=O)(O)OP(=O)([O-])OCC3OC(n4cnc5c(N)ncnc54)C(OP(=O)(O)O)C3O)C(O)C2O)c1,864.0
N=C(O)C1=CN(C2OC(COP(=O)(O)OP(=O)(O)OCC3OC(n4cnc5c(N)ncnc54)C(OP(=O)(O)O)C3O)C(O)C2O)C=CC1,888.0
N=C(O)c1cccnc1,282.0
CCCCCCCC(=O)OC(CC(=O)[O-])C[N+](C)(C)C,245.99999999999997
CCC(N=C(O)CCC(N)C(=O)O)C(O)=NCC(=O)O,672.0
NCCCC(N)C(=O)O,1248.0
CC(C)(CO)C(O)C(O)=NCCC(=O)O,366.0
NC(Cc1ccccc1)C(=O)O,438.0
CN(CC(=O)O)C(=N)NP(=O)(O)O,762.0
C=C(OP(=O)(O)O)C(=O)O,906.0
O=C(O)C1CCCN1,612.0
CCC(=O)OC(CC(=O)[O-])C[N+](C)(C)C,432.0
O=P(O)(O)OCC1OC(OP(=O)(O)OP(=O)(O)O)C(O)C1O,990.0
O=C(O)C1(O)CC(O)C(O)C(O)C1,624.0
O=C(O)c1cccnc1C(=O)O,762.0
Nc1ncnc2c1ncn2C1OC(CSCC(N)C(=O)O)C(O)C1O,636.0
Nc1ncnc2c1ncn2C1OC(CSCCC(N)C(=O)O)C(O)C1O,672.0
C[S+](CCC(N)C(=O)[O-])CC1OC(n2cnc3c(N)ncnc32)C(O)C1O,852.0
CSc1ncc(CC(C(=O)[O-])[N+](C)(C)C)[nH]1,474.0
NC(CCCCNC(CCC(=O)O)C(=O)O)C(=O)O,798.0
Nc1c(C(O)=NC(CC(=O)O)C(=O)O)ncn1C1OC(COP(=O)(O)O)C(O)C1O,1026.0
O=C(CO)C(O)C(O)C(O)C(O)COP(=O)(O)O,822.0
NC(CO)C(=O)O,786.0
O=C(O)CCC(=O)O,756.0
NCCS(=O)(=O)O,726.0
CCCCCCCCCCCCCC(=O)OC(CC(=O)[O-])C[N+](C)(C)C,228.0
CC(O)C(N)C(=O)O,702.0
OCC1OC(OC2OC(CO)C(O)C(O)C2O)C(O)C(O)C1O,816.0
O=P(O)(O)OCC1OC(OC2OC(CO)C(O)C(O)C2O)C(O)C(O)C1O,882.0
C[N+](C)(C)C(Cc1cnc[nH]1)C(=O)[O-],582.0
C[N+](C)(C)CCCCC(N)C(=O)[O-],1242.0
C[N+](C)(C)C(C(=O)[O-])c1ccccc1,324.0
C[N+](C)(C)C(Cc1c[nH]c2ccccc12)C(=O)[O-],360.0
NC(Cc1c[nH]c2ccccc12)C(=O)O,522.0
NC(Cc1ccc(O)cc1)C(=O)O,618.0
O=c1nc(O)ccn1C1OC(COP(=O)(O)OP(=O)(O)O)C(O)C1O,840.0
CC(O)=NC1C(OP(=O)(O)OP(=O)(O)OCC2OC(n3ccc(O)nc3=O)C(O)C2O)OC(CO)C(O)C1O,768.0
O=c1nc(O)ccn1C1OC(COP(=O)(O)OP(=O)(O)OC2OC(CO)C(O)C(O)C2O)C(O)C1O,834.0
O=C(O)C1OC(OP(=O)(O)OP(=O)(O)OCC2OC(n3ccc(O)nc3=O)C(O)C2O)C(O)C(O)C1O,990.0
O=c1nc(O)ccn1C1OC(COP(=O)(O)O)C(O)C1O,756.0
Oc1ccnc(O)n1,432.0
Oc1nc(O)c2nc(O)[nH]c2n1,642.0
O=c1nc(O)ccn1C1OC(CO)C(O)C1O,426.0
O=c1nc(O)ccn1C1OC(COP(=O)(O)OP(=O)(O)OP(=O)(O)O)C(O)C1O,906.0
CC(C)C(N)C(=O)O,588.0